"State","Month","SNAP_Cost_Person","Quarter"
"Connecticut",2019-10-01,"134.04 ","2019.Q4"
"Connecticut",2019-11-01,"133.62 ","2019.Q4"
"Connecticut",2019-12-01,"133.28 ","2019.Q4"
"Connecticut",2020-01-01,"131.20 ","2020.Q1"
"Connecticut",2020-02-01,"133.01 ","2020.Q1"
"Connecticut",2020-03-01,"132.77 ","2020.Q1"
"Connecticut",2020-04-01,"218.53 ","2020.Q2"
"Connecticut",2020-05-01,"177.71 ","2020.Q2"
"Connecticut",2020-06-01,"177.54 ","2020.Q2"
"Connecticut",2020-07-01,"176.80 ","2020.Q3"
"Connecticut",2020-08-01,"177.69 ","2020.Q3"
"Connecticut",2020-09-01,"203.66 ","2020.Q3"
"Connecticut",2020-10-01,"188.75 ","2020.Q4"
"Connecticut",2020-11-01,"187.26 ","2020.Q4"
"Connecticut",2020-12-01,"188.69 ","2020.Q4"
"Connecticut",2021-01-01,"215.87 ","2021.Q1"
"Connecticut",2021-02-01,"214.46 ","2021.Q1"
"Connecticut",2021-03-01,"214.78 ","2021.Q1"
"Connecticut",2021-04-01,"244.15 ","2021.Q2"
"Connecticut",2021-05-01,"245.11 ","2021.Q2"
"Connecticut",2021-06-01,"245.51 ","2021.Q2"
"Connecticut",2021-07-01,"247.19 ","2021.Q3"
"Maine",2019-10-01,"112.39 ","2019.Q4"
"Maine",2019-11-01,"111.95 ","2019.Q4"
"Maine",2019-12-01,"111.64 ","2019.Q4"
"Maine",2020-01-01,"110.08 ","2020.Q1"
"Maine",2020-02-01,"110.99 ","2020.Q1"
"Maine",2020-03-01,"111.26 ","2020.Q1"
"Maine",2020-04-01,"176.57 ","2020.Q2"
"Maine",2020-05-01,"174.68 ","2020.Q2"
"Maine",2020-06-01,"172.86 ","2020.Q2"
"Maine",2020-07-01,"175.55 ","2020.Q3"
"Maine",2020-08-01,"174.97 ","2020.Q3"
"Maine",2020-09-01,"176.10 ","2020.Q3"
"Maine",2020-10-01,"186.61 ","2020.Q4"
"Maine",2020-11-01,"185.77 ","2020.Q4"
"Maine",2020-12-01,"192.58 ","2020.Q4"
"Maine",2021-01-01,"219.93 ","2021.Q1"
"Maine",2021-02-01,"214.29 ","2021.Q1"
"Maine",2021-03-01,"215.44 ","2021.Q1"
"Maine",2021-04-01,"233.26 ","2021.Q2"
"Maine",2021-05-01,"234.23 ","2021.Q2"
"Maine",2021-06-01,"229.89 ","2021.Q2"
"Maine",2021-07-01,"230.20 ","2021.Q3"
"Massachusetts",2019-10-01,"125.59 ","2019.Q4"
"Massachusetts",2019-11-01,"125.23 ","2019.Q4"
"Massachusetts",2019-12-01,"124.89 ","2019.Q4"
"Massachusetts",2020-01-01,"124.27 ","2020.Q1"
"Massachusetts",2020-02-01,"123.80 ","2020.Q1"
"Massachusetts",2020-03-01,"140.88 ","2020.Q1"
"Massachusetts",2020-04-01,"158.92 ","2020.Q2"
"Massachusetts",2020-05-01,"175.14 ","2020.Q2"
"Massachusetts",2020-06-01,"175.00 ","2020.Q2"
"Massachusetts",2020-07-01,"167.28 ","2020.Q3"
"Massachusetts",2020-08-01,"165.62 ","2020.Q3"
"Massachusetts",2020-09-01,"168.86 ","2020.Q3"
"Massachusetts",2020-10-01,"188.32 ","2020.Q4"
"Massachusetts",2020-11-01,"168.26 ","2020.Q4"
"Massachusetts",2020-12-01,"195.36 ","2020.Q4"
"Massachusetts",2021-01-01,"165.81 ","2021.Q1"
"Massachusetts",2021-02-01,"204.98 ","2021.Q1"
"Massachusetts",2021-03-01,"213.21 ","2021.Q1"
"Massachusetts",2021-04-01,"208.87 ","2021.Q2"
"Massachusetts",2021-05-01,"235.39 ","2021.Q2"
"Massachusetts",2021-06-01,"240.91 ","2021.Q2"
"Massachusetts",2021-07-01,"259.99 ","2021.Q3"
"New Hampshire",2019-10-01,"101.58 ","2019.Q4"
"New Hampshire",2019-11-01,"103.04 ","2019.Q4"
"New Hampshire",2019-12-01,"100.78 ","2019.Q4"
"New Hampshire",2020-01-01,"99.85 ","2020.Q1"
"New Hampshire",2020-02-01,"100.02 ","2020.Q1"
"New Hampshire",2020-03-01,"99.80 ","2020.Q1"
"New Hampshire",2020-04-01,"167.03 ","2020.Q2"
"New Hampshire",2020-05-01,"170.65 ","2020.Q2"
"New Hampshire",2020-06-01,"164.05 ","2020.Q2"
"New Hampshire",2020-07-01,"162.41 ","2020.Q3"
"New Hampshire",2020-08-01,"167.01 ","2020.Q3"
"New Hampshire",2020-09-01,"173.88 ","2020.Q3"
"New Hampshire",2020-10-01,"180.63 ","2020.Q4"
"New Hampshire",2020-11-01,"180.53 ","2020.Q4"
"New Hampshire",2020-12-01,"182.83 ","2020.Q4"
"New Hampshire",2021-01-01,"206.66 ","2021.Q1"
"New Hampshire",2021-02-01,"210.73 ","2021.Q1"
"New Hampshire",2021-03-01,"213.53 ","2021.Q1"
"New Hampshire",2021-04-01,"226.40 ","2021.Q2"
"New Hampshire",2021-05-01,"226.23 ","2021.Q2"
"New Hampshire",2021-06-01,"225.87 ","2021.Q2"
"New Hampshire",2021-07-01,"227.46 ","2021.Q3"
"New York",2019-10-01,"138.92 ","2019.Q4"
"New York",2019-11-01,"137.89 ","2019.Q4"
"New York",2019-12-01,"137.61 ","2019.Q4"
"New York",2020-01-01,"135.87 ","2020.Q1"
"New York",2020-02-01,"138.17 ","2020.Q1"
"New York",2020-03-01,"137.06 ","2020.Q1"
"New York",2020-04-01,"212.76 ","2020.Q2"
"New York",2020-05-01,"178.29 ","2020.Q2"
"New York",2020-06-01,"174.36 ","2020.Q2"
"New York",2020-07-01,"178.16 ","2020.Q3"
"New York",2020-08-01,"175.80 ","2020.Q3"
"New York",2020-09-01,"172.64 ","2020.Q3"
"New York",2020-10-01,"190.39 ","2020.Q4"
"New York",2020-11-01,"198.95 ","2020.Q4"
"New York",2020-12-01,"186.76 ","2020.Q4"
"New York",2021-01-01,"213.38 ","2021.Q1"
"New York",2021-02-01,"214.87 ","2021.Q1"
"New York",2021-03-01,"214.74 ","2021.Q1"
"New York",2021-04-01,"244.73 ","2021.Q2"
"New York",2021-05-01,"245.78 ","2021.Q2"
"New York",2021-06-01,"256.86 ","2021.Q2"
"New York",2021-07-01,"248.76 ","2021.Q3"
"Rhode Island",2019-10-01,"134.73 ","2019.Q4"
"Rhode Island",2019-11-01,"132.19 ","2019.Q4"
"Rhode Island",2019-12-01,"132.90 ","2019.Q4"
"Rhode Island",2020-01-01,"131.34 ","2020.Q1"
"Rhode Island",2020-02-01,"132.32 ","2020.Q1"
"Rhode Island",2020-03-01,"179.95 ","2020.Q1"
"Rhode Island",2020-04-01,"177.11 ","2020.Q2"
"Rhode Island",2020-05-01,"177.74 ","2020.Q2"
"Rhode Island",2020-06-01,"177.23 ","2020.Q2"
"Rhode Island",2020-07-01,"178.05 ","2020.Q3"
"Rhode Island",2020-08-01,"179.22 ","2020.Q3"
"Rhode Island",2020-09-01,"176.93 ","2020.Q3"
"Rhode Island",2020-10-01,"186.40 ","2020.Q4"
"Rhode Island",2020-11-01,"187.07 ","2020.Q4"
"Rhode Island",2020-12-01,"187.84 ","2020.Q4"
"Rhode Island",2021-01-01,"216.86 ","2021.Q1"
"Rhode Island",2021-02-01,"214.34 ","2021.Q1"
"Rhode Island",2021-03-01,"214.35 ","2021.Q1"
"Rhode Island",2021-04-01,"244.39 ","2021.Q2"
"Rhode Island",2021-05-01,"239.63 ","2021.Q2"
"Rhode Island",2021-06-01,"245.04 ","2021.Q2"
"Rhode Island",2021-07-01,"245.54 ","2021.Q3"
"Vermont",2019-10-01,"120.87 ","2019.Q4"
"Vermont",2019-11-01,"121.60 ","2019.Q4"
"Vermont",2019-12-01,"119.71 ","2019.Q4"
"Vermont",2020-01-01,"120.15 ","2020.Q1"
"Vermont",2020-02-01,"119.73 ","2020.Q1"
"Vermont",2020-03-01,"119.66 ","2020.Q1"
"Vermont",2020-04-01,"171.34 ","2020.Q2"
"Vermont",2020-05-01,"168.87 ","2020.Q2"
"Vermont",2020-06-01,"161.39 ","2020.Q2"
"Vermont",2020-07-01,"160.52 ","2020.Q3"
"Vermont",2020-08-01,"159.05 ","2020.Q3"
"Vermont",2020-09-01,"166.70 ","2020.Q3"
"Vermont",2020-10-01,"175.00 ","2020.Q4"
"Vermont",2020-11-01,"176.35 ","2020.Q4"
"Vermont",2020-12-01,"174.67 ","2020.Q4"
"Vermont",2021-01-01,"206.13 ","2021.Q1"
"Vermont",2021-02-01,"206.43 ","2021.Q1"
"Vermont",2021-03-01,"206.85 ","2021.Q1"
"Vermont",2021-04-01,"203.84 ","2021.Q2"
"Vermont",2021-05-01,"214.25 ","2021.Q2"
"Vermont",2021-06-01,"227.00 ","2021.Q2"
"Vermont",2021-07-01,"169.64 ","2021.Q3"
"Virgin Islands",2019-10-01,"166.18 ","2019.Q4"
"Virgin Islands",2019-11-01,"164.78 ","2019.Q4"
"Virgin Islands",2019-12-01,"165.70 ","2019.Q4"
"Virgin Islands",2020-01-01,"166.24 ","2020.Q1"
"Virgin Islands",2020-02-01,"169.05 ","2020.Q1"
"Virgin Islands",2020-03-01,"166.00 ","2020.Q1"
"Virgin Islands",2020-04-01,"220.18 ","2020.Q2"
"Virgin Islands",2020-05-01,"228.71 ","2020.Q2"
"Virgin Islands",2020-06-01,"230.55 ","2020.Q2"
"Virgin Islands",2020-07-01,"225.67 ","2020.Q3"
"Virgin Islands",2020-08-01,"222.99 ","2020.Q3"
"Virgin Islands",2020-09-01,"224.37 ","2020.Q3"
"Virgin Islands",2020-10-01,"237.66 ","2020.Q4"
"Virgin Islands",2020-11-01,"240.28 ","2020.Q4"
"Virgin Islands",2020-12-01,"237.66 ","2020.Q4"
"Virgin Islands",2021-01-01,"269.44 ","2021.Q1"
"Virgin Islands",2021-02-01,"273.35 ","2021.Q1"
"Virgin Islands",2021-03-01,"271.79 ","2021.Q1"
"Virgin Islands",2021-04-01,"297.71 ","2021.Q2"
"Virgin Islands",2021-05-01,"296.38 ","2021.Q2"
"Virgin Islands",2021-06-01,"298.82 ","2021.Q2"
"Virgin Islands",2021-07-01,"298.55 ","2021.Q3"
"Delaware",2019-10-01,"116.99 ","2019.Q4"
"Delaware",2019-11-01,"116.06 ","2019.Q4"
"Delaware",2019-12-01,"114.16 ","2019.Q4"
"Delaware",2020-01-01,"116.11 ","2020.Q1"
"Delaware",2020-02-01,"117.09 ","2020.Q1"
"Delaware",2020-03-01,"175.12 ","2020.Q1"
"Delaware",2020-04-01,"170.69 ","2020.Q2"
"Delaware",2020-05-01,"165.82 ","2020.Q2"
"Delaware",2020-06-01,"172.75 ","2020.Q2"
"Delaware",2020-07-01,"172.59 ","2020.Q3"
"Delaware",2020-08-01,"171.17 ","2020.Q3"
"Delaware",2020-09-01,"174.44 ","2020.Q3"
"Delaware",2020-10-01,"181.30 ","2020.Q4"
"Delaware",2020-11-01,"179.56 ","2020.Q4"
"Delaware",2020-12-01,"182.78 ","2020.Q4"
"Delaware",2021-01-01,"208.23 ","2021.Q1"
"Delaware",2021-02-01,"205.14 ","2021.Q1"
"Delaware",2021-03-01,"214.01 ","2021.Q1"
"Delaware",2021-04-01,"227.69 ","2021.Q2"
"Delaware",2021-05-01,"202.69 ","2021.Q2"
"Delaware",2021-06-01,"218.03 ","2021.Q2"
"Delaware",2021-07-01,"224.79 ","2021.Q3"
"District of Columbia",2019-10-01,"129.97 ","2019.Q4"
"District of Columbia",2019-11-01,"129.03 ","2019.Q4"
"District of Columbia",2019-12-01,"130.61 ","2019.Q4"
"District of Columbia",2020-01-01,"128.32 ","2020.Q1"
"District of Columbia",2020-02-01,"127.97 ","2020.Q1"
"District of Columbia",2020-03-01,"131.41 ","2020.Q1"
"District of Columbia",2020-04-01,"226.75 ","2020.Q2"
"District of Columbia",2020-05-01,"182.28 ","2020.Q2"
"District of Columbia",2020-06-01,"180.81 ","2020.Q2"
"District of Columbia",2020-07-01,"183.50 ","2020.Q3"
"District of Columbia",2020-08-01,"183.49 ","2020.Q3"
"District of Columbia",2020-09-01,"180.94 ","2020.Q3"
"District of Columbia",2020-10-01,"188.76 ","2020.Q4"
"District of Columbia",2020-11-01,"194.47 ","2020.Q4"
"District of Columbia",2020-12-01,"189.16 ","2020.Q4"
"District of Columbia",2021-01-01,"220.02 ","2021.Q1"
"District of Columbia",2021-02-01,"221.17 ","2021.Q1"
"District of Columbia",2021-03-01,"159.91 ","2021.Q1"
"District of Columbia",2021-04-01,"310.45 ","2021.Q2"
"District of Columbia",2021-05-01,"245.34 ","2021.Q2"
"District of Columbia",2021-06-01,"253.52 ","2021.Q2"
"District of Columbia",2021-07-01,"243.80 ","2021.Q3"
"Maryland",2019-10-01,"117.50 ","2019.Q4"
"Maryland",2019-11-01,"117.57 ","2019.Q4"
"Maryland",2019-12-01,"108.44 ","2019.Q4"
"Maryland",2020-01-01,"114.61 ","2020.Q1"
"Maryland",2020-02-01,"116.34 ","2020.Q1"
"Maryland",2020-03-01,"114.82 ","2020.Q1"
"Maryland",2020-04-01,"174.31 ","2020.Q2"
"Maryland",2020-05-01,"187.99 ","2020.Q2"
"Maryland",2020-06-01,"183.27 ","2020.Q2"
"Maryland",2020-07-01,"175.01 ","2020.Q3"
"Maryland",2020-08-01,"174.04 ","2020.Q3"
"Maryland",2020-09-01,"175.11 ","2020.Q3"
"Maryland",2020-10-01,"187.46 ","2020.Q4"
"Maryland",2020-11-01,"192.15 ","2020.Q4"
"Maryland",2020-12-01,"189.84 ","2020.Q4"
"Maryland",2021-01-01,"211.85 ","2021.Q1"
"Maryland",2021-02-01,"221.11 ","2021.Q1"
"Maryland",2021-03-01,"211.78 ","2021.Q1"
"Maryland",2021-04-01,"213.27 ","2021.Q2"
"Maryland",2021-05-01,"229.30 ","2021.Q2"
"Maryland",2021-06-01,"227.43 ","2021.Q2"
"Maryland",2021-07-01,"240.56 ","2021.Q3"
"New Jersey",2019-10-01,"116.05 ","2019.Q4"
"New Jersey",2019-11-01,"116.24 ","2019.Q4"
"New Jersey",2019-12-01,"116.55 ","2019.Q4"
"New Jersey",2020-01-01,"114.38 ","2020.Q1"
"New Jersey",2020-02-01,"114.94 ","2020.Q1"
"New Jersey",2020-03-01,"170.43 ","2020.Q1"
"New Jersey",2020-04-01,"177.00 ","2020.Q2"
"New Jersey",2020-05-01,"179.89 ","2020.Q2"
"New Jersey",2020-06-01,"179.08 ","2020.Q2"
"New Jersey",2020-07-01,"181.84 ","2020.Q3"
"New Jersey",2020-08-01,"181.80 ","2020.Q3"
"New Jersey",2020-09-01,"179.00 ","2020.Q3"
"New Jersey",2020-10-01,"187.85 ","2020.Q4"
"New Jersey",2020-11-01,"186.67 ","2020.Q4"
"New Jersey",2020-12-01,"188.33 ","2020.Q4"
"New Jersey",2021-01-01,"214.19 ","2021.Q1"
"New Jersey",2021-02-01,"214.04 ","2021.Q1"
"New Jersey",2021-03-01,"217.30 ","2021.Q1"
"New Jersey",2021-04-01,"236.97 ","2021.Q2"
"New Jersey",2021-05-01,"238.42 ","2021.Q2"
"New Jersey",2021-06-01,"236.91 ","2021.Q2"
"New Jersey",2021-07-01,"233.12 ","2021.Q3"
"Pennsylvania",2019-10-01,"120.10 ","2019.Q4"
"Pennsylvania",2019-11-01,"115.05 ","2019.Q4"
"Pennsylvania",2019-12-01,"118.53 ","2019.Q4"
"Pennsylvania",2020-01-01,"119.01 ","2020.Q1"
"Pennsylvania",2020-02-01,"117.20 ","2020.Q1"
"Pennsylvania",2020-03-01,"117.63 ","2020.Q1"
"Pennsylvania",2020-04-01,"221.27 ","2020.Q2"
"Pennsylvania",2020-05-01,"171.27 ","2020.Q2"
"Pennsylvania",2020-06-01,"177.16 ","2020.Q2"
"Pennsylvania",2020-07-01,"174.31 ","2020.Q3"
"Pennsylvania",2020-08-01,"173.24 ","2020.Q3"
"Pennsylvania",2020-09-01,"172.94 ","2020.Q3"
"Pennsylvania",2020-10-01,"180.07 ","2020.Q4"
"Pennsylvania",2020-11-01,"169.02 ","2020.Q4"
"Pennsylvania",2020-12-01,"207.33 ","2020.Q4"
"Pennsylvania",2021-01-01,"206.26 ","2021.Q1"
"Pennsylvania",2021-02-01,"207.15 ","2021.Q1"
"Pennsylvania",2021-03-01,"209.07 ","2021.Q1"
"Pennsylvania",2021-04-01,"260.61 ","2021.Q2"
"Pennsylvania",2021-05-01,"447.81 ","2021.Q2"
"Pennsylvania",2021-06-01,"348.66 ","2021.Q2"
"Pennsylvania",2021-07-01,"230.55 ","2021.Q3"
"Virginia",2019-10-01,"119.09 ","2019.Q4"
"Virginia",2019-11-01,"118.27 ","2019.Q4"
"Virginia",2019-12-01,"118.34 ","2019.Q4"
"Virginia",2020-01-01,"116.74 ","2020.Q1"
"Virginia",2020-02-01,"118.69 ","2020.Q1"
"Virginia",2020-03-01,"172.16 ","2020.Q1"
"Virginia",2020-04-01,"174.59 ","2020.Q2"
"Virginia",2020-05-01,"174.52 ","2020.Q2"
"Virginia",2020-06-01,"174.10 ","2020.Q2"
"Virginia",2020-07-01,"173.48 ","2020.Q3"
"Virginia",2020-08-01,"172.67 ","2020.Q3"
"Virginia",2020-09-01,"173.79 ","2020.Q3"
"Virginia",2020-10-01,"184.24 ","2020.Q4"
"Virginia",2020-11-01,"185.17 ","2020.Q4"
"Virginia",2020-12-01,"184.15 ","2020.Q4"
"Virginia",2021-01-01,"210.78 ","2021.Q1"
"Virginia",2021-02-01,"213.88 ","2021.Q1"
"Virginia",2021-03-01,"210.34 ","2021.Q1"
"Virginia",2021-04-01,"228.62 ","2021.Q2"
"Virginia",2021-05-01,"205.11 ","2021.Q2"
"Virginia",2021-06-01,"208.34 ","2021.Q2"
"Virginia",2021-07-01,"227.17 ","2021.Q3"
"West Virginia",2019-10-01,"108.67 ","2019.Q4"
"West Virginia",2019-11-01,"108.95 ","2019.Q4"
"West Virginia",2019-12-01,"108.90 ","2019.Q4"
"West Virginia",2020-01-01,"107.46 ","2020.Q1"
"West Virginia",2020-02-01,"108.83 ","2020.Q1"
"West Virginia",2020-03-01,"107.98 ","2020.Q1"
"West Virginia",2020-04-01,"172.49 ","2020.Q2"
"West Virginia",2020-05-01,"175.31 ","2020.Q2"
"West Virginia",2020-06-01,"174.92 ","2020.Q2"
"West Virginia",2020-07-01,"172.65 ","2020.Q3"
"West Virginia",2020-08-01,"171.57 ","2020.Q3"
"West Virginia",2020-09-01,"173.54 ","2020.Q3"
"West Virginia",2020-10-01,"184.51 ","2020.Q4"
"West Virginia",2020-11-01,"184.32 ","2020.Q4"
"West Virginia",2020-12-01,"184.72 ","2020.Q4"
"West Virginia",2021-01-01,"210.01 ","2021.Q1"
"West Virginia",2021-02-01,"209.95 ","2021.Q1"
"West Virginia",2021-03-01,"216.50 ","2021.Q1"
"West Virginia",2021-04-01,"230.24 ","2021.Q2"
"West Virginia",2021-05-01,"226.78 ","2021.Q2"
"West Virginia",2021-06-01,"215.03 ","2021.Q2"
"West Virginia",2021-07-01,"229.54 ","2021.Q3"
"Alabama",2019-10-01,"120.07 ","2019.Q4"
"Alabama",2019-11-01,"119.89 ","2019.Q4"
"Alabama",2019-12-01,"119.58 ","2019.Q4"
"Alabama",2020-01-01,"117.06 ","2020.Q1"
"Alabama",2020-02-01,"118.49 ","2020.Q1"
"Alabama",2020-03-01,"176.29 ","2020.Q1"
"Alabama",2020-04-01,"174.69 ","2020.Q2"
"Alabama",2020-05-01,"178.92 ","2020.Q2"
"Alabama",2020-06-01,"176.95 ","2020.Q2"
"Alabama",2020-07-01,"176.36 ","2020.Q3"
"Alabama",2020-08-01,"190.45 ","2020.Q3"
"Alabama",2020-09-01,"183.42 ","2020.Q3"
"Alabama",2020-10-01,"185.62 ","2020.Q4"
"Alabama",2020-11-01,"192.46 ","2020.Q4"
"Alabama",2020-12-01,"185.45 ","2020.Q4"
"Alabama",2021-01-01,"210.60 ","2021.Q1"
"Alabama",2021-02-01,"212.38 ","2021.Q1"
"Alabama",2021-03-01,"213.89 ","2021.Q1"
"Alabama",2021-04-01,"230.16 ","2021.Q2"
"Alabama",2021-05-01,"224.12 ","2021.Q2"
"Alabama",2021-06-01,"223.57 ","2021.Q2"
"Alabama",2021-07-01,"229.28 ","2021.Q3"
"Florida",2019-10-01,"120.49 ","2019.Q4"
"Florida",2019-11-01,"119.86 ","2019.Q4"
"Florida",2019-12-01,"119.58 ","2019.Q4"
"Florida",2020-01-01,"118.04 ","2020.Q1"
"Florida",2020-02-01,"119.07 ","2020.Q1"
"Florida",2020-03-01,"181.92 ","2020.Q1"
"Florida",2020-04-01,"180.93 ","2020.Q2"
"Florida",2020-05-01,"181.69 ","2020.Q2"
"Florida",2020-06-01,"177.97 ","2020.Q2"
"Florida",2020-07-01,"176.99 ","2020.Q3"
"Florida",2020-08-01,"176.25 ","2020.Q3"
"Florida",2020-09-01,"176.83 ","2020.Q3"
"Florida",2020-10-01,"185.95 ","2020.Q4"
"Florida",2020-11-01,"184.97 ","2020.Q4"
"Florida",2020-12-01,"187.14 ","2020.Q4"
"Florida",2021-01-01,"212.94 ","2021.Q1"
"Florida",2021-02-01,"214.62 ","2021.Q1"
"Florida",2021-03-01,"214.40 ","2021.Q1"
"Florida",2021-04-01,"214.07 ","2021.Q2"
"Florida",2021-05-01,"253.50 ","2021.Q2"
"Florida",2021-06-01,"195.53 ","2021.Q2"
"Florida",2021-07-01,"225.46 ","2021.Q3"
"Georgia",2019-10-01,"125.74 ","2019.Q4"
"Georgia",2019-11-01,"124.36 ","2019.Q4"
"Georgia",2019-12-01,"123.37 ","2019.Q4"
"Georgia",2020-01-01,"121.63 ","2020.Q1"
"Georgia",2020-02-01,"121.41 ","2020.Q1"
"Georgia",2020-03-01,"175.00 ","2020.Q1"
"Georgia",2020-04-01,"159.65 ","2020.Q2"
"Georgia",2020-05-01,"170.34 ","2020.Q2"
"Georgia",2020-06-01,"171.96 ","2020.Q2"
"Georgia",2020-07-01,"171.39 ","2020.Q3"
"Georgia",2020-08-01,"171.67 ","2020.Q3"
"Georgia",2020-09-01,"171.63 ","2020.Q3"
"Georgia",2020-10-01,"180.94 ","2020.Q4"
"Georgia",2020-11-01,"182.13 ","2020.Q4"
"Georgia",2020-12-01,"179.90 ","2020.Q4"
"Georgia",2021-01-01,"182.99 ","2021.Q1"
"Georgia",2021-02-01,"180.41 ","2021.Q1"
"Georgia",2021-03-01,"235.37 ","2021.Q1"
"Georgia",2021-04-01,"205.99 ","2021.Q2"
"Georgia",2021-05-01,"229.41 ","2021.Q2"
"Georgia",2021-06-01,"229.11 ","2021.Q2"
"Georgia",2021-07-01,"228.12 ","2021.Q3"
"Kentucky",2019-10-01,"115.98 ","2019.Q4"
"Kentucky",2019-11-01,"115.02 ","2019.Q4"
"Kentucky",2019-12-01,"114.79 ","2019.Q4"
"Kentucky",2020-01-01,"113.92 ","2020.Q1"
"Kentucky",2020-02-01,"114.05 ","2020.Q1"
"Kentucky",2020-03-01,"117.65 ","2020.Q1"
"Kentucky",2020-04-01,"178.48 ","2020.Q2"
"Kentucky",2020-05-01,"177.61 ","2020.Q2"
"Kentucky",2020-06-01,"167.66 ","2020.Q2"
"Kentucky",2020-07-01,"184.12 ","2020.Q3"
"Kentucky",2020-08-01,"178.12 ","2020.Q3"
"Kentucky",2020-09-01,"179.23 ","2020.Q3"
"Kentucky",2020-10-01,"187.85 ","2020.Q4"
"Kentucky",2020-11-01,"187.72 ","2020.Q4"
"Kentucky",2020-12-01,"186.24 ","2020.Q4"
"Kentucky",2021-01-01,"210.98 ","2021.Q1"
"Kentucky",2021-02-01,"214.81 ","2021.Q1"
"Kentucky",2021-03-01,"213.94 ","2021.Q1"
"Kentucky",2021-04-01,"212.25 ","2021.Q2"
"Kentucky",2021-05-01,"209.74 ","2021.Q2"
"Kentucky",2021-06-01,"253.58 ","2021.Q2"
"Kentucky",2021-07-01,"232.49 ","2021.Q3"
"Mississippi",2019-10-01,"113.22 ","2019.Q4"
"Mississippi",2019-11-01,"113.19 ","2019.Q4"
"Mississippi",2019-12-01,"112.72 ","2019.Q4"
"Mississippi",2020-01-01,"111.59 ","2020.Q1"
"Mississippi",2020-02-01,"112.51 ","2020.Q1"
"Mississippi",2020-03-01,"171.82 ","2020.Q1"
"Mississippi",2020-04-01,"179.45 ","2020.Q2"
"Mississippi",2020-05-01,"178.86 ","2020.Q2"
"Mississippi",2020-06-01,"174.47 ","2020.Q2"
"Mississippi",2020-07-01,"174.39 ","2020.Q3"
"Mississippi",2020-08-01,"175.84 ","2020.Q3"
"Mississippi",2020-09-01,"181.26 ","2020.Q3"
"Mississippi",2020-10-01,"189.57 ","2020.Q4"
"Mississippi",2020-11-01,"189.76 ","2020.Q4"
"Mississippi",2020-12-01,"187.21 ","2020.Q4"
"Mississippi",2021-01-01,"212.41 ","2021.Q1"
"Mississippi",2021-02-01,"215.97 ","2021.Q1"
"Mississippi",2021-03-01,"215.64 ","2021.Q1"
"Mississippi",2021-04-01,"227.05 ","2021.Q2"
"Mississippi",2021-05-01,"226.97 ","2021.Q2"
"Mississippi",2021-06-01,"227.35 ","2021.Q2"
"Mississippi",2021-07-01,"229.36 ","2021.Q3"
"North Carolina",2019-10-01,"115.68 ","2019.Q4"
"North Carolina",2019-11-01,"114.81 ","2019.Q4"
"North Carolina",2019-12-01,"114.75 ","2019.Q4"
"North Carolina",2020-01-01,"113.40 ","2020.Q1"
"North Carolina",2020-02-01,"113.20 ","2020.Q1"
"North Carolina",2020-03-01,"113.75 ","2020.Q1"
"North Carolina",2020-04-01,"230.14 ","2020.Q2"
"North Carolina",2020-05-01,"178.15 ","2020.Q2"
"North Carolina",2020-06-01,"149.47 ","2020.Q2"
"North Carolina",2020-07-01,"195.55 ","2020.Q3"
"North Carolina",2020-08-01,"176.78 ","2020.Q3"
"North Carolina",2020-09-01,"173.72 ","2020.Q3"
"North Carolina",2020-10-01,"183.40 ","2020.Q4"
"North Carolina",2020-11-01,"181.05 ","2020.Q4"
"North Carolina",2020-12-01,"186.38 ","2020.Q4"
"North Carolina",2021-01-01,"208.89 ","2021.Q1"
"North Carolina",2021-02-01,"211.61 ","2021.Q1"
"North Carolina",2021-03-01,"252.52 ","2021.Q1"
"North Carolina",2021-04-01,"158.70 ","2021.Q2"
"North Carolina",2021-05-01,"203.11 ","2021.Q2"
"North Carolina",2021-06-01,"134.92 ","2021.Q2"
"North Carolina",2021-07-01,"222.76 ","2021.Q3"
"South Carolina",2019-10-01,"119.57 ","2019.Q4"
"South Carolina",2019-11-01,"119.62 ","2019.Q4"
"South Carolina",2019-12-01,"119.12 ","2019.Q4"
"South Carolina",2020-01-01,"117.41 ","2020.Q1"
"South Carolina",2020-02-01,"118.84 ","2020.Q1"
"South Carolina",2020-03-01,"171.31 ","2020.Q1"
"South Carolina",2020-04-01,"178.17 ","2020.Q2"
"South Carolina",2020-05-01,"180.45 ","2020.Q2"
"South Carolina",2020-06-01,"172.97 ","2020.Q2"
"South Carolina",2020-07-01,"190.61 ","2020.Q3"
"South Carolina",2020-08-01,"174.20 ","2020.Q3"
"South Carolina",2020-09-01,"175.39 ","2020.Q3"
"South Carolina",2020-10-01,"185.30 ","2020.Q4"
"South Carolina",2020-11-01,"184.22 ","2020.Q4"
"South Carolina",2020-12-01,"188.40 ","2020.Q4"
"South Carolina",2021-01-01,"214.15 ","2021.Q1"
"South Carolina",2021-02-01,"215.77 ","2021.Q1"
"South Carolina",2021-03-01,"213.59 ","2021.Q1"
"South Carolina",2021-04-01,"228.79 ","2021.Q2"
"South Carolina",2021-05-01,"227.57 ","2021.Q2"
"South Carolina",2021-06-01,"228.57 ","2021.Q2"
"South Carolina",2021-07-01,"228.64 ","2021.Q3"
"Tennessee",2019-10-01,"122.45 ","2019.Q4"
"Tennessee",2019-11-01,"122.47 ","2019.Q4"
"Tennessee",2019-12-01,"122.61 ","2019.Q4"
"Tennessee",2020-01-01,"120.55 ","2020.Q1"
"Tennessee",2020-02-01,"122.10 ","2020.Q1"
"Tennessee",2020-03-01,"123.51 ","2020.Q1"
"Tennessee",2020-04-01,"176.58 ","2020.Q2"
"Tennessee",2020-05-01,"188.27 ","2020.Q2"
"Tennessee",2020-06-01,"232.01 ","2020.Q2"
"Tennessee",2020-07-01,"247.54 ","2020.Q3"
"Tennessee",2020-08-01,"233.31 ","2020.Q3"
"Tennessee",2020-09-01,"231.61 ","2020.Q3"
"Tennessee",2020-10-01,"245.47 ","2020.Q4"
"Tennessee",2020-11-01,"251.26 ","2020.Q4"
"Tennessee",2020-12-01,"249.06 ","2020.Q4"
"Tennessee",2021-01-01,"295.95 ","2021.Q1"
"Tennessee",2021-02-01,"297.02 ","2021.Q1"
"Tennessee",2021-03-01,"273.51 ","2021.Q1"
"Tennessee",2021-04-01,"290.42 ","2021.Q2"
"Tennessee",2021-05-01,"323.99 ","2021.Q2"
"Tennessee",2021-06-01,"322.26 ","2021.Q2"
"Tennessee",2021-07-01,"328.99 ","2021.Q3"
"Illinois",2019-10-01,"125.16 ","2019.Q4"
"Illinois",2019-11-01,"124.42 ","2019.Q4"
"Illinois",2019-12-01,"123.51 ","2019.Q4"
"Illinois",2020-01-01,"123.60 ","2020.Q1"
"Illinois",2020-02-01,"125.09 ","2020.Q1"
"Illinois",2020-03-01,"124.57 ","2020.Q1"
"Illinois",2020-04-01,"173.35 ","2020.Q2"
"Illinois",2020-05-01,"167.96 ","2020.Q2"
"Illinois",2020-06-01,"167.28 ","2020.Q2"
"Illinois",2020-07-01,"168.37 ","2020.Q3"
"Illinois",2020-08-01,"183.99 ","2020.Q3"
"Illinois",2020-09-01,"182.54 ","2020.Q3"
"Illinois",2020-10-01,"196.71 ","2020.Q4"
"Illinois",2020-11-01,"195.36 ","2020.Q4"
"Illinois",2020-12-01,"197.31 ","2020.Q4"
"Illinois",2021-01-01,"223.67 ","2021.Q1"
"Illinois",2021-02-01,"222.77 ","2021.Q1"
"Illinois",2021-03-01,"225.16 ","2021.Q1"
"Illinois",2021-04-01,"225.68 ","2021.Q2"
"Illinois",2021-05-01,"227.15 ","2021.Q2"
"Illinois",2021-06-01,"228.09 ","2021.Q2"
"Illinois",2021-07-01,"227.22 ","2021.Q3"
"Indiana",2019-10-01,"118.97 ","2019.Q4"
"Indiana",2019-11-01,"117.79 ","2019.Q4"
"Indiana",2019-12-01,"118.23 ","2019.Q4"
"Indiana",2020-01-01,"119.74 ","2020.Q1"
"Indiana",2020-02-01,"118.95 ","2020.Q1"
"Indiana",2020-03-01,"119.48 ","2020.Q1"
"Indiana",2020-04-01,"174.65 ","2020.Q2"
"Indiana",2020-05-01,"178.46 ","2020.Q2"
"Indiana",2020-06-01,"174.24 ","2020.Q2"
"Indiana",2020-07-01,"202.40 ","2020.Q3"
"Indiana",2020-08-01,"175.03 ","2020.Q3"
"Indiana",2020-09-01,"245.12 ","2020.Q3"
"Indiana",2020-10-01,"187.26 ","2020.Q4"
"Indiana",2020-11-01,"186.66 ","2020.Q4"
"Indiana",2020-12-01,"187.03 ","2020.Q4"
"Indiana",2021-01-01,"210.97 ","2021.Q1"
"Indiana",2021-02-01,"211.85 ","2021.Q1"
"Indiana",2021-03-01,"211.85 ","2021.Q1"
"Indiana",2021-04-01,"224.05 ","2021.Q2"
"Indiana",2021-05-01,"194.46 ","2021.Q2"
"Indiana",2021-06-01,"221.87 ","2021.Q2"
"Indiana",2021-07-01,"228.68 ","2021.Q3"
"Iowa",2019-10-01,"114.40 ","2019.Q4"
"Iowa",2019-11-01,"113.70 ","2019.Q4"
"Iowa",2019-12-01,"113.75 ","2019.Q4"
"Iowa",2020-01-01,"111.92 ","2020.Q1"
"Iowa",2020-02-01,"112.67 ","2020.Q1"
"Iowa",2020-03-01,"110.98 ","2020.Q1"
"Iowa",2020-04-01,"174.03 ","2020.Q2"
"Iowa",2020-05-01,"173.86 ","2020.Q2"
"Iowa",2020-06-01,"174.36 ","2020.Q2"
"Iowa",2020-07-01,"175.26 ","2020.Q3"
"Iowa",2020-08-01,"183.70 ","2020.Q3"
"Iowa",2020-09-01,"181.69 ","2020.Q3"
"Iowa",2020-10-01,"188.85 ","2020.Q4"
"Iowa",2020-11-01,"184.20 ","2020.Q4"
"Iowa",2020-12-01,"186.59 ","2020.Q4"
"Iowa",2021-01-01,"214.36 ","2021.Q1"
"Iowa",2021-02-01,"213.06 ","2021.Q1"
"Iowa",2021-03-01,"211.93 ","2021.Q1"
"Iowa",2021-04-01,"228.10 ","2021.Q2"
"Iowa",2021-05-01,"227.97 ","2021.Q2"
"Iowa",2021-06-01,"227.60 ","2021.Q2"
"Iowa",2021-07-01,"207.00 ","2021.Q3"
"Michigan",2019-10-01,"119.12 ","2019.Q4"
"Michigan",2019-11-01,"117.94 ","2019.Q4"
"Michigan",2019-12-01,"118.13 ","2019.Q4"
"Michigan",2020-01-01,"116.20 ","2020.Q1"
"Michigan",2020-02-01,"118.37 ","2020.Q1"
"Michigan",2020-03-01,"166.22 ","2020.Q1"
"Michigan",2020-04-01,"167.61 ","2020.Q2"
"Michigan",2020-05-01,"185.11 ","2020.Q2"
"Michigan",2020-06-01,"174.80 ","2020.Q2"
"Michigan",2020-07-01,"176.81 ","2020.Q3"
"Michigan",2020-08-01,"170.69 ","2020.Q3"
"Michigan",2020-09-01,"176.64 ","2020.Q3"
"Michigan",2020-10-01,"186.22 ","2020.Q4"
"Michigan",2020-11-01,"185.05 ","2020.Q4"
"Michigan",2020-12-01,"182.38 ","2020.Q4"
"Michigan",2021-01-01,"213.47 ","2021.Q1"
"Michigan",2021-02-01,"211.97 ","2021.Q1"
"Michigan",2021-03-01,"209.44 ","2021.Q1"
"Michigan",2021-04-01,"199.20 ","2021.Q2"
"Michigan",2021-05-01,"257.45 ","2021.Q2"
"Michigan",2021-06-01,"211.48 ","2021.Q2"
"Michigan",2021-07-01,"225.53 ","2021.Q3"
"Minnesota",2019-10-01,"104.42 ","2019.Q4"
"Minnesota",2019-11-01,"104.28 ","2019.Q4"
"Minnesota",2019-12-01,"104.15 ","2019.Q4"
"Minnesota",2020-01-01,"102.47 ","2020.Q1"
"Minnesota",2020-02-01,"102.37 ","2020.Q1"
"Minnesota",2020-03-01,"175.19 ","2020.Q1"
"Minnesota",2020-04-01,"187.48 ","2020.Q2"
"Minnesota",2020-05-01,"189.55 ","2020.Q2"
"Minnesota",2020-06-01,"172.24 ","2020.Q2"
"Minnesota",2020-07-01,"160.58 ","2020.Q3"
"Minnesota",2020-08-01,"166.53 ","2020.Q3"
"Minnesota",2020-09-01,"154.87 ","2020.Q3"
"Minnesota",2020-10-01,"173.97 ","2020.Q4"
"Minnesota",2020-11-01,"167.81 ","2020.Q4"
"Minnesota",2020-12-01,"164.56 ","2020.Q4"
"Minnesota",2021-01-01,"190.77 ","2021.Q1"
"Minnesota",2021-02-01,"199.34 ","2021.Q1"
"Minnesota",2021-03-01,"197.29 ","2021.Q1"
"Minnesota",2021-04-01,"197.80 ","2021.Q2"
"Minnesota",2021-05-01,"213.28 ","2021.Q2"
"Minnesota",2021-06-01,"206.70 ","2021.Q2"
"Minnesota",2021-07-01,"207.86 ","2021.Q3"
"Ohio",2019-10-01,"122.97 ","2019.Q4"
"Ohio",2019-11-01,"122.83 ","2019.Q4"
"Ohio",2019-12-01,"120.95 ","2019.Q4"
"Ohio",2020-01-01,"120.07 ","2020.Q1"
"Ohio",2020-02-01,"122.18 ","2020.Q1"
"Ohio",2020-03-01,"180.52 ","2020.Q1"
"Ohio",2020-04-01,"254.05 ","2020.Q2"
"Ohio",2020-05-01,"203.22 ","2020.Q2"
"Ohio",2020-06-01,"250.61 ","2020.Q2"
"Ohio",2020-07-01,"225.14 ","2020.Q3"
"Ohio",2020-08-01,"193.83 ","2020.Q3"
"Ohio",2020-09-01,"293.79 ","2020.Q3"
"Ohio",2020-10-01,"185.94 ","2020.Q4"
"Ohio",2020-11-01,"184.48 ","2020.Q4"
"Ohio",2020-12-01,"191.79 ","2020.Q4"
"Ohio",2021-01-01,"212.18 ","2021.Q1"
"Ohio",2021-02-01,"212.71 ","2021.Q1"
"Ohio",2021-03-01,"210.99 ","2021.Q1"
"Ohio",2021-04-01,"228.90 ","2021.Q2"
"Ohio",2021-05-01,"220.27 ","2021.Q2"
"Ohio",2021-06-01,"225.80 ","2021.Q2"
"Ohio",2021-07-01,"231.70 ","2021.Q3"
"Wisconsin",2019-10-01,"106.18 ","2019.Q4"
"Wisconsin",2019-11-01,"105.38 ","2019.Q4"
"Wisconsin",2019-12-01,"105.46 ","2019.Q4"
"Wisconsin",2020-01-01,"104.72 ","2020.Q1"
"Wisconsin",2020-02-01,"105.70 ","2020.Q1"
"Wisconsin",2020-03-01,"177.26 ","2020.Q1"
"Wisconsin",2020-04-01,"174.61 ","2020.Q2"
"Wisconsin",2020-05-01,"173.39 ","2020.Q2"
"Wisconsin",2020-06-01,"110.34 ","2020.Q2"
"Wisconsin",2020-07-01,"173.83 ","2020.Q3"
"Wisconsin",2020-08-01,"175.07 ","2020.Q3"
"Wisconsin",2020-09-01,"174.29 ","2020.Q3"
"Wisconsin",2020-10-01,"183.47 ","2020.Q4"
"Wisconsin",2020-11-01,"182.68 ","2020.Q4"
"Wisconsin",2020-12-01,"182.73 ","2020.Q4"
"Wisconsin",2021-01-01,"210.73 ","2021.Q1"
"Wisconsin",2021-02-01,"213.83 ","2021.Q1"
"Wisconsin",2021-03-01,"213.34 ","2021.Q1"
"Wisconsin",2021-04-01,"229.70 ","2021.Q2"
"Wisconsin",2021-05-01,"229.73 ","2021.Q2"
"Wisconsin",2021-06-01,"228.07 ","2021.Q2"
"Wisconsin",2021-07-01,"229.04 ","2021.Q3"
"Arizona",2019-10-01,"122.15 ","2019.Q4"
"Arizona",2019-11-01,"121.41 ","2019.Q4"
"Arizona",2019-12-01,"121.32 ","2019.Q4"
"Arizona",2020-01-01,"120.79 ","2020.Q1"
"Arizona",2020-02-01,"120.73 ","2020.Q1"
"Arizona",2020-03-01,"121.26 ","2020.Q1"
"Arizona",2020-04-01,"168.45 ","2020.Q2"
"Arizona",2020-05-01,"171.62 ","2020.Q2"
"Arizona",2020-06-01,"169.42 ","2020.Q2"
"Arizona",2020-07-01,"170.68 ","2020.Q3"
"Arizona",2020-08-01,"169.80 ","2020.Q3"
"Arizona",2020-09-01,"168.28 ","2020.Q3"
"Arizona",2020-10-01,"177.36 ","2020.Q4"
"Arizona",2020-11-01,"178.63 ","2020.Q4"
"Arizona",2020-12-01,"179.74 ","2020.Q4"
"Arizona",2021-01-01,"199.01 ","2021.Q1"
"Arizona",2021-02-01,"184.62 ","2021.Q1"
"Arizona",2021-03-01,"204.55 ","2021.Q1"
"Arizona",2021-04-01,"205.06 ","2021.Q2"
"Arizona",2021-05-01,"242.72 ","2021.Q2"
"Arizona",2021-06-01,"226.49 ","2021.Q2"
"Arizona",2021-07-01,"224.63 ","2021.Q3"
"Arkansas",2019-10-01,"110.16 ","2019.Q4"
"Arkansas",2019-11-01,"110.38 ","2019.Q4"
"Arkansas",2019-12-01,"109.34 ","2019.Q4"
"Arkansas",2020-01-01,"108.33 ","2020.Q1"
"Arkansas",2020-02-01,"109.89 ","2020.Q1"
"Arkansas",2020-03-01,"168.11 ","2020.Q1"
"Arkansas",2020-04-01,"170.38 ","2020.Q2"
"Arkansas",2020-05-01,"180.46 ","2020.Q2"
"Arkansas",2020-06-01,"171.34 ","2020.Q2"
"Arkansas",2020-07-01,"103.35 ","2020.Q3"
"Arkansas",2020-08-01,"175.63 ","2020.Q3"
"Arkansas",2020-09-01,"177.20 ","2020.Q3"
"Arkansas",2020-10-01,"183.33 ","2020.Q4"
"Arkansas",2020-11-01,"183.50 ","2020.Q4"
"Arkansas",2020-12-01,"185.88 ","2020.Q4"
"Arkansas",2021-01-01,"207.48 ","2021.Q1"
"Arkansas",2021-02-01,"206.03 ","2021.Q1"
"Arkansas",2021-03-01,"205.41 ","2021.Q1"
"Arkansas",2021-04-01,"221.49 ","2021.Q2"
"Arkansas",2021-05-01,"221.51 ","2021.Q2"
"Arkansas",2021-06-01,"196.16 ","2021.Q2"
"Arkansas",2021-07-01,"128.86 ","2021.Q3"
"Louisiana",2019-10-01,"126.52 ","2019.Q4"
"Louisiana",2019-11-01,"127.04 ","2019.Q4"
"Louisiana",2019-12-01,"126.80 ","2019.Q4"
"Louisiana",2020-01-01,"123.97 ","2020.Q1"
"Louisiana",2020-02-01,"125.53 ","2020.Q1"
"Louisiana",2020-03-01,"146.99 ","2020.Q1"
"Louisiana",2020-04-01,"202.94 ","2020.Q2"
"Louisiana",2020-05-01,"181.86 ","2020.Q2"
"Louisiana",2020-06-01,"175.49 ","2020.Q2"
"Louisiana",2020-07-01,"174.26 ","2020.Q3"
"Louisiana",2020-08-01,"175.07 ","2020.Q3"
"Louisiana",2020-09-01,"193.56 ","2020.Q3"
"Louisiana",2020-10-01,"211.39 ","2020.Q4"
"Louisiana",2020-11-01,"197.67 ","2020.Q4"
"Louisiana",2020-12-01,"184.09 ","2020.Q4"
"Louisiana",2021-01-01,"209.72 ","2021.Q1"
"Louisiana",2021-02-01,"211.74 ","2021.Q1"
"Louisiana",2021-03-01,"212.16 ","2021.Q1"
"Louisiana",2021-04-01,"244.61 ","2021.Q2"
"Louisiana",2021-05-01,"231.59 ","2021.Q2"
"Louisiana",2021-06-01,"233.40 ","2021.Q2"
"Louisiana",2021-07-01,"232.87 ","2021.Q3"
"New Mexico",2019-10-01,"119.31 ","2019.Q4"
"New Mexico",2019-11-01,"118.52 ","2019.Q4"
"New Mexico",2019-12-01,"118.90 ","2019.Q4"
"New Mexico",2020-01-01,"117.34 ","2020.Q1"
"New Mexico",2020-02-01,"118.24 ","2020.Q1"
"New Mexico",2020-03-01,"118.06 ","2020.Q1"
"New Mexico",2020-04-01,"223.68 ","2020.Q2"
"New Mexico",2020-05-01,"179.33 ","2020.Q2"
"New Mexico",2020-06-01,"273.79 ","2020.Q2"
"New Mexico",2020-07-01,"172.84 ","2020.Q3"
"New Mexico",2020-08-01,"172.65 ","2020.Q3"
"New Mexico",2020-09-01,"173.21 ","2020.Q3"
"New Mexico",2020-10-01,"182.18 ","2020.Q4"
"New Mexico",2020-11-01,"182.00 ","2020.Q4"
"New Mexico",2020-12-01,"182.59 ","2020.Q4"
"New Mexico",2021-01-01,"182.28 ","2021.Q1"
"New Mexico",2021-02-01,"181.82 ","2021.Q1"
"New Mexico",2021-03-01,"256.55 ","2021.Q1"
"New Mexico",2021-04-01,"235.45 ","2021.Q2"
"New Mexico",2021-05-01,"233.83 ","2021.Q2"
"New Mexico",2021-06-01,"231.23 ","2021.Q2"
"New Mexico",2021-07-01,"233.32 ","2021.Q3"
"Oklahoma",2019-10-01,"119.73 ","2019.Q4"
"Oklahoma",2019-11-01,"119.52 ","2019.Q4"
"Oklahoma",2019-12-01,"119.48 ","2019.Q4"
"Oklahoma",2020-01-01,"116.97 ","2020.Q1"
"Oklahoma",2020-02-01,"118.59 ","2020.Q1"
"Oklahoma",2020-03-01,"117.68 ","2020.Q1"
"Oklahoma",2020-04-01,"208.58 ","2020.Q2"
"Oklahoma",2020-05-01,"165.30 ","2020.Q2"
"Oklahoma",2020-06-01,"165.28 ","2020.Q2"
"Oklahoma",2020-07-01,"171.97 ","2020.Q3"
"Oklahoma",2020-08-01,"270.07 ","2020.Q3"
"Oklahoma",2020-09-01,"155.25 ","2020.Q3"
"Oklahoma",2020-10-01,"180.19 ","2020.Q4"
"Oklahoma",2020-11-01,"170.31 ","2020.Q4"
"Oklahoma",2020-12-01,"175.17 ","2020.Q4"
"Oklahoma",2021-01-01,"195.13 ","2021.Q1"
"Oklahoma",2021-02-01,"205.51 ","2021.Q1"
"Oklahoma",2021-03-01,"204.66 ","2021.Q1"
"Oklahoma",2021-04-01,"209.63 ","2021.Q2"
"Oklahoma",2021-05-01,"209.55 ","2021.Q2"
"Oklahoma",2021-06-01,"229.83 ","2021.Q2"
"Oklahoma",2021-07-01,"214.76 ","2021.Q3"
"Texas",2019-10-01,"117.72 ","2019.Q4"
"Texas",2019-11-01,"116.85 ","2019.Q4"
"Texas",2019-12-01,"117.29 ","2019.Q4"
"Texas",2020-01-01,"116.41 ","2020.Q1"
"Texas",2020-02-01,"117.61 ","2020.Q1"
"Texas",2020-03-01,"118.94 ","2020.Q1"
"Texas",2020-04-01,"169.83 ","2020.Q2"
"Texas",2020-05-01,"176.38 ","2020.Q2"
"Texas",2020-06-01,"174.33 ","2020.Q2"
"Texas",2020-07-01,"172.91 ","2020.Q3"
"Texas",2020-08-01,"176.79 ","2020.Q3"
"Texas",2020-09-01,"170.23 ","2020.Q3"
"Texas",2020-10-01,"184.19 ","2020.Q4"
"Texas",2020-11-01,"185.41 ","2020.Q4"
"Texas",2020-12-01,"184.73 ","2020.Q4"
"Texas",2021-01-01,"210.41 ","2021.Q1"
"Texas",2021-02-01,"219.84 ","2021.Q1"
"Texas",2021-03-01,"230.39 ","2021.Q1"
"Texas",2021-04-01,"230.00 ","2021.Q2"
"Texas",2021-05-01,"224.18 ","2021.Q2"
"Texas",2021-06-01,"221.11 ","2021.Q2"
"Texas",2021-07-01,"227.70 ","2021.Q3"
"Utah",2019-10-01,"116.04 ","2019.Q4"
"Utah",2019-11-01,"114.91 ","2019.Q4"
"Utah",2019-12-01,"115.04 ","2019.Q4"
"Utah",2020-01-01,"113.95 ","2020.Q1"
"Utah",2020-02-01,"115.56 ","2020.Q1"
"Utah",2020-03-01,"115.24 ","2020.Q1"
"Utah",2020-04-01,"159.62 ","2020.Q2"
"Utah",2020-05-01,"174.96 ","2020.Q2"
"Utah",2020-06-01,"164.11 ","2020.Q2"
"Utah",2020-07-01,"124.56 ","2020.Q3"
"Utah",2020-08-01,"210.85 ","2020.Q3"
"Utah",2020-09-01,"174.40 ","2020.Q3"
"Utah",2020-10-01,"124.57 ","2020.Q4"
"Utah",2020-11-01,"241.45 ","2020.Q4"
"Utah",2020-12-01,"181.44 ","2020.Q4"
"Utah",2021-01-01,"209.14 ","2021.Q1"
"Utah",2021-02-01,"209.92 ","2021.Q1"
"Utah",2021-03-01,"210.80 ","2021.Q1"
"Utah",2021-04-01,"225.93 ","2021.Q2"
"Utah",2021-05-01,"232.24 ","2021.Q2"
"Utah",2021-06-01,"227.93 ","2021.Q2"
"Utah",2021-07-01,"228.82 ","2021.Q3"
"Colorado",2019-10-01,"120.63 ","2019.Q4"
"Colorado",2019-11-01,"120.71 ","2019.Q4"
"Colorado",2019-12-01,"121.82 ","2019.Q4"
"Colorado",2020-01-01,"120.44 ","2020.Q1"
"Colorado",2020-02-01,"121.95 ","2020.Q1"
"Colorado",2020-03-01,"121.72 ","2020.Q1"
"Colorado",2020-04-01,"223.08 ","2020.Q2"
"Colorado",2020-05-01,"178.19 ","2020.Q2"
"Colorado",2020-06-01,"173.86 ","2020.Q2"
"Colorado",2020-07-01,"168.72 ","2020.Q3"
"Colorado",2020-08-01,"192.33 ","2020.Q3"
"Colorado",2020-09-01,"190.37 ","2020.Q3"
"Colorado",2020-10-01,"183.78 ","2020.Q4"
"Colorado",2020-11-01,"191.90 ","2020.Q4"
"Colorado",2020-12-01,"183.51 ","2020.Q4"
"Colorado",2021-01-01,"210.10 ","2021.Q1"
"Colorado",2021-02-01,"215.08 ","2021.Q1"
"Colorado",2021-03-01,"214.12 ","2021.Q1"
"Colorado",2021-04-01,"226.74 ","2021.Q2"
"Colorado",2021-05-01,"225.79 ","2021.Q2"
"Colorado",2021-06-01,"237.20 ","2021.Q2"
"Colorado",2021-07-01,"198.99 ","2021.Q3"
"Kansas",2019-10-01,"111.36 ","2019.Q4"
"Kansas",2019-11-01,"111.38 ","2019.Q4"
"Kansas",2019-12-01,"111.33 ","2019.Q4"
"Kansas",2020-01-01,"109.78 ","2020.Q1"
"Kansas",2020-02-01,"109.66 ","2020.Q1"
"Kansas",2020-03-01,"108.90 ","2020.Q1"
"Kansas",2020-04-01,"166.73 ","2020.Q2"
"Kansas",2020-05-01,"161.73 ","2020.Q2"
"Kansas",2020-06-01,"168.10 ","2020.Q2"
"Kansas",2020-07-01,"168.14 ","2020.Q3"
"Kansas",2020-08-01,"170.30 ","2020.Q3"
"Kansas",2020-09-01,"169.91 ","2020.Q3"
"Kansas",2020-10-01,"177.43 ","2020.Q4"
"Kansas",2020-11-01,"175.85 ","2020.Q4"
"Kansas",2020-12-01,"177.93 ","2020.Q4"
"Kansas",2021-01-01,"201.92 ","2021.Q1"
"Kansas",2021-02-01,"203.84 ","2021.Q1"
"Kansas",2021-03-01,"205.23 ","2021.Q1"
"Kansas",2021-04-01,"200.28 ","2021.Q2"
"Kansas",2021-05-01,"225.75 ","2021.Q2"
"Kansas",2021-06-01,"256.77 ","2021.Q2"
"Kansas",2021-07-01,"241.13 ","2021.Q3"
"Missouri",2019-10-01,"123.19 ","2019.Q4"
"Missouri",2019-11-01,"122.01 ","2019.Q4"
"Missouri",2019-12-01,"120.19 ","2019.Q4"
"Missouri",2020-01-01,"122.18 ","2020.Q1"
"Missouri",2020-02-01,"121.75 ","2020.Q1"
"Missouri",2020-03-01,"172.60 ","2020.Q1"
"Missouri",2020-04-01,"180.70 ","2020.Q2"
"Missouri",2020-05-01,"175.46 ","2020.Q2"
"Missouri",2020-06-01,"172.67 ","2020.Q2"
"Missouri",2020-07-01,"174.16 ","2020.Q3"
"Missouri",2020-08-01,"169.24 ","2020.Q3"
"Missouri",2020-09-01,"179.45 ","2020.Q3"
"Missouri",2020-10-01,"183.39 ","2020.Q4"
"Missouri",2020-11-01,"184.36 ","2020.Q4"
"Missouri",2020-12-01,"185.39 ","2020.Q4"
"Missouri",2021-01-01,"212.49 ","2021.Q1"
"Missouri",2021-02-01,"213.35 ","2021.Q1"
"Missouri",2021-03-01,"211.45 ","2021.Q1"
"Missouri",2021-04-01,"227.04 ","2021.Q2"
"Missouri",2021-05-01,"228.61 ","2021.Q2"
"Missouri",2021-06-01,"230.40 ","2021.Q2"
"Missouri",2021-07-01,"231.36 ","2021.Q3"
"Montana",2019-10-01,"115.23 ","2019.Q4"
"Montana",2019-11-01,"115.06 ","2019.Q4"
"Montana",2019-12-01,"114.98 ","2019.Q4"
"Montana",2020-01-01,"113.40 ","2020.Q1"
"Montana",2020-02-01,"114.68 ","2020.Q1"
"Montana",2020-03-01,"115.00 ","2020.Q1"
"Montana",2020-04-01,"169.29 ","2020.Q2"
"Montana",2020-05-01,"173.50 ","2020.Q2"
"Montana",2020-06-01,"172.27 ","2020.Q2"
"Montana",2020-07-01,"172.04 ","2020.Q3"
"Montana",2020-08-01,"305.18 ","2020.Q3"
"Montana",2020-09-01,"192.81 ","2020.Q3"
"Montana",2020-10-01,"182.59 ","2020.Q4"
"Montana",2020-11-01,"182.13 ","2020.Q4"
"Montana",2020-12-01,"206.29 ","2020.Q4"
"Montana",2021-01-01,"210.85 ","2021.Q1"
"Montana",2021-02-01,"211.79 ","2021.Q1"
"Montana",2021-03-01,"212.31 ","2021.Q1"
"Montana",2021-04-01,"228.69 ","2021.Q2"
"Montana",2021-05-01,"228.25 ","2021.Q2"
"Montana",2021-06-01,"227.42 ","2021.Q2"
"Montana",2021-07-01,"216.57 ","2021.Q3"
"Nebraska",2019-10-01,"112.21 ","2019.Q4"
"Nebraska",2019-11-01,"114.44 ","2019.Q4"
"Nebraska",2019-12-01,"112.71 ","2019.Q4"
"Nebraska",2020-01-01,"111.46 ","2020.Q1"
"Nebraska",2020-02-01,"113.74 ","2020.Q1"
"Nebraska",2020-03-01,"172.76 ","2020.Q1"
"Nebraska",2020-04-01,"167.47 ","2020.Q2"
"Nebraska",2020-05-01,"167.28 ","2020.Q2"
"Nebraska",2020-06-01,"150.95 ","2020.Q2"
"Nebraska",2020-07-01,"165.92 ","2020.Q3"
"Nebraska",2020-08-01,"110.37 ","2020.Q3"
"Nebraska",2020-09-01,"114.42 ","2020.Q3"
"Nebraska",2020-10-01,"123.29 ","2020.Q4"
"Nebraska",2020-11-01,"180.81 ","2020.Q4"
"Nebraska",2020-12-01,"176.96 ","2020.Q4"
"Nebraska",2021-01-01,"183.31 ","2021.Q1"
"Nebraska",2021-02-01,"227.69 ","2021.Q1"
"Nebraska",2021-03-01,"203.21 ","2021.Q1"
"Nebraska",2021-04-01,"222.33 ","2021.Q2"
"Nebraska",2021-05-01,"218.26 ","2021.Q2"
"Nebraska",2021-06-01,"220.41 ","2021.Q2"
"Nebraska",2021-07-01,"230.75 ","2021.Q3"
"North Dakota",2019-10-01,"117.27 ","2019.Q4"
"North Dakota",2019-11-01,"115.51 ","2019.Q4"
"North Dakota",2019-12-01,"116.02 ","2019.Q4"
"North Dakota",2020-01-01,"114.40 ","2020.Q1"
"North Dakota",2020-02-01,"115.80 ","2020.Q1"
"North Dakota",2020-03-01,"116.83 ","2020.Q1"
"North Dakota",2020-04-01,"218.74 ","2020.Q2"
"North Dakota",2020-05-01,"172.09 ","2020.Q2"
"North Dakota",2020-06-01,"253.68 ","2020.Q2"
"North Dakota",2020-07-01,"170.71 ","2020.Q3"
"North Dakota",2020-08-01,"175.22 ","2020.Q3"
"North Dakota",2020-09-01,"180.12 ","2020.Q3"
"North Dakota",2020-10-01,"186.61 ","2020.Q4"
"North Dakota",2020-11-01,"185.52 ","2020.Q4"
"North Dakota",2020-12-01,"185.67 ","2020.Q4"
"North Dakota",2021-01-01,"210.38 ","2021.Q1"
"North Dakota",2021-02-01,"213.24 ","2021.Q1"
"North Dakota",2021-03-01,"212.96 ","2021.Q1"
"North Dakota",2021-04-01,"152.11 ","2021.Q2"
"North Dakota",2021-05-01,"294.63 ","2021.Q2"
"North Dakota",2021-06-01,"151.63 ","2021.Q2"
"North Dakota",2021-07-01,"150.00 ","2021.Q3"
"South Dakota",2019-10-01,"127.15 ","2019.Q4"
"South Dakota",2019-11-01,"126.28 ","2019.Q4"
"South Dakota",2019-12-01,"126.63 ","2019.Q4"
"South Dakota",2020-01-01,"126.20 ","2020.Q1"
"South Dakota",2020-02-01,"126.22 ","2020.Q1"
"South Dakota",2020-03-01,"171.08 ","2020.Q1"
"South Dakota",2020-04-01,"172.75 ","2020.Q2"
"South Dakota",2020-05-01,"171.36 ","2020.Q2"
"South Dakota",2020-06-01,"172.53 ","2020.Q2"
"South Dakota",2020-07-01,"172.83 ","2020.Q3"
"South Dakota",2020-08-01,"173.01 ","2020.Q3"
"South Dakota",2020-09-01,"172.47 ","2020.Q3"
"South Dakota",2020-10-01,"181.40 ","2020.Q4"
"South Dakota",2020-11-01,"180.56 ","2020.Q4"
"South Dakota",2020-12-01,"181.66 ","2020.Q4"
"South Dakota",2021-01-01,"207.27 ","2021.Q1"
"South Dakota",2021-02-01,"207.31 ","2021.Q1"
"South Dakota",2021-03-01,"207.28 ","2021.Q1"
"South Dakota",2021-04-01,"229.74 ","2021.Q2"
"South Dakota",2021-05-01,"230.22 ","2021.Q2"
"South Dakota",2021-06-01,"229.96 ","2021.Q2"
"South Dakota",2021-07-01,"229.62 ","2021.Q3"
"Wyoming",2019-10-01,"113.62 ","2019.Q4"
"Wyoming",2019-11-01,"112.16 ","2019.Q4"
"Wyoming",2019-12-01,"112.08 ","2019.Q4"
"Wyoming",2020-01-01,"111.49 ","2020.Q1"
"Wyoming",2020-02-01,"114.19 ","2020.Q1"
"Wyoming",2020-03-01,"109.50 ","2020.Q1"
"Wyoming",2020-04-01,"166.56 ","2020.Q2"
"Wyoming",2020-05-01,"169.04 ","2020.Q2"
"Wyoming",2020-06-01,"167.72 ","2020.Q2"
"Wyoming",2020-07-01,"169.52 ","2020.Q3"
"Wyoming",2020-08-01,"168.47 ","2020.Q3"
"Wyoming",2020-09-01,"175.92 ","2020.Q3"
"Wyoming",2020-10-01,"185.60 ","2020.Q4"
"Wyoming",2020-11-01,"250.07 ","2020.Q4"
"Wyoming",2020-12-01,"183.51 ","2020.Q4"
"Wyoming",2021-01-01,"212.70 ","2021.Q1"
"Wyoming",2021-02-01,"212.66 ","2021.Q1"
"Wyoming",2021-03-01,"210.46 ","2021.Q1"
"Wyoming",2021-04-01,"225.04 ","2021.Q2"
"Wyoming",2021-05-01,"225.85 ","2021.Q2"
"Wyoming",2021-06-01,"223.78 ","2021.Q2"
"Wyoming",2021-07-01,"227.16 ","2021.Q3"
"Alaska",2019-10-01,"174.62 ","2019.Q4"
"Alaska",2019-11-01,"172.80 ","2019.Q4"
"Alaska",2019-12-01,"172.45 ","2019.Q4"
"Alaska",2020-01-01,"170.93 ","2020.Q1"
"Alaska",2020-02-01,"173.13 ","2020.Q1"
"Alaska",2020-03-01,"172.28 ","2020.Q1"
"Alaska",2020-04-01,"239.13 ","2020.Q2"
"Alaska",2020-05-01,"243.41 ","2020.Q2"
"Alaska",2020-06-01,"239.87 ","2020.Q2"
"Alaska",2020-07-01,"209.37 ","2020.Q3"
"Alaska",2020-08-01,"202.57 ","2020.Q3"
"Alaska",2020-09-01,"200.02 ","2020.Q3"
"Alaska",2020-10-01,"188.95 ","2020.Q4"
"Alaska",2020-11-01,"317.60 ","2020.Q4"
"Alaska",2020-12-01,"209.51 ","2020.Q4"
"Alaska",2021-01-01,"254.05 ","2021.Q1"
"Alaska",2021-02-01,"269.44 ","2021.Q1"
"Alaska",2021-03-01,"264.27 ","2021.Q1"
"Alaska",2021-04-01,"344.12 ","2021.Q2"
"Alaska",2021-05-01,"323.06 ","2021.Q2"
"Alaska",2021-06-01,"274.86 ","2021.Q2"
"Alaska",2021-07-01,"320.86 ","2021.Q3"
"California",2019-10-01,"125.37 ","2019.Q4"
"California",2019-11-01,"123.10 ","2019.Q4"
"California",2019-12-01,"122.46 ","2019.Q4"
"California",2020-01-01,"121.26 ","2020.Q1"
"California",2020-02-01,"122.37 ","2020.Q1"
"California",2020-03-01,"123.22 ","2020.Q1"
"California",2020-04-01,"171.61 ","2020.Q2"
"California",2020-05-01,"177.46 ","2020.Q2"
"California",2020-06-01,"176.48 ","2020.Q2"
"California",2020-07-01,"177.91 ","2020.Q3"
"California",2020-08-01,"176.62 ","2020.Q3"
"California",2020-09-01,"175.39 ","2020.Q3"
"California",2020-10-01,"185.01 ","2020.Q4"
"California",2020-11-01,"185.49 ","2020.Q4"
"California",2020-12-01,"185.69 ","2020.Q4"
"California",2021-01-01,"180.73 ","2021.Q1"
"California",2021-02-01,"233.45 ","2021.Q1"
"California",2021-03-01,"215.36 ","2021.Q1"
"California",2021-04-01,"217.82 ","2021.Q2"
"California",2021-05-01,"240.79 ","2021.Q2"
"California",2021-06-01,"239.76 ","2021.Q2"
"California",2021-07-01,"233.71 ","2021.Q3"
"Guam",2019-10-01,"189.59 ","2019.Q4"
"Guam",2019-11-01,"188.90 ","2019.Q4"
"Guam",2019-12-01,"189.04 ","2019.Q4"
"Guam",2020-01-01,"184.62 ","2020.Q1"
"Guam",2020-02-01,"186.96 ","2020.Q1"
"Guam",2020-03-01,"186.86 ","2020.Q1"
"Guam",2020-04-01,"276.46 ","2020.Q2"
"Guam",2020-05-01,"230.90 ","2020.Q2"
"Guam",2020-06-01,"239.19 ","2020.Q2"
"Guam",2020-07-01,"240.75 ","2020.Q3"
"Guam",2020-08-01,"236.64 ","2020.Q3"
"Guam",2020-09-01,"236.51 ","2020.Q3"
"Guam",2020-10-01,"259.32 ","2020.Q4"
"Guam",2020-11-01,"236.37 ","2020.Q4"
"Guam",2020-12-01,"249.45 ","2020.Q4"
"Guam",2021-01-01,"281.66 ","2021.Q1"
"Guam",2021-02-01,"286.34 ","2021.Q1"
"Guam",2021-03-01,"287.20 ","2021.Q1"
"Guam",2021-04-01,"301.60 ","2021.Q2"
"Guam",2021-05-01,"300.70 ","2021.Q2"
"Guam",2021-06-01,"299.78 ","2021.Q2"
"Guam",2021-07-01,"301.89 ","2021.Q3"
"Hawaii",2019-10-01,"238.25 ","2019.Q4"
"Hawaii",2019-11-01,"237.79 ","2019.Q4"
"Hawaii",2019-12-01,"237.37 ","2019.Q4"
"Hawaii",2020-01-01,"234.95 ","2020.Q1"
"Hawaii",2020-02-01,"237.30 ","2020.Q1"
"Hawaii",2020-03-01,"235.19 ","2020.Q1"
"Hawaii",2020-04-01,"238.88 ","2020.Q2"
"Hawaii",2020-05-01,"410.50 ","2020.Q2"
"Hawaii",2020-06-01,"323.16 ","2020.Q2"
"Hawaii",2020-07-01,"325.35 ","2020.Q3"
"Hawaii",2020-08-01,"324.19 ","2020.Q3"
"Hawaii",2020-09-01,"326.03 ","2020.Q3"
"Hawaii",2020-10-01,"342.76 ","2020.Q4"
"Hawaii",2020-11-01,"344.98 ","2020.Q4"
"Hawaii",2020-12-01,"339.25 ","2020.Q4"
"Hawaii",2021-01-01,"389.07 ","2021.Q1"
"Hawaii",2021-02-01,"390.70 ","2021.Q1"
"Hawaii",2021-03-01,"390.73 ","2021.Q1"
"Hawaii",2021-04-01,"356.23 ","2021.Q2"
"Hawaii",2021-05-01,"442.23 ","2021.Q2"
"Hawaii",2021-06-01,"467.46 ","2021.Q2"
"Hawaii",2021-07-01,"406.54 ","2021.Q3"
"Idaho",2019-10-01,"109.05 ","2019.Q4"
"Idaho",2019-11-01,"108.89 ","2019.Q4"
"Idaho",2019-12-01,"109.19 ","2019.Q4"
"Idaho",2020-01-01,"106.98 ","2020.Q1"
"Idaho",2020-02-01,"108.04 ","2020.Q1"
"Idaho",2020-03-01,"108.01 ","2020.Q1"
"Idaho",2020-04-01,"164.02 ","2020.Q2"
"Idaho",2020-05-01,"166.37 ","2020.Q2"
"Idaho",2020-06-01,"166.32 ","2020.Q2"
"Idaho",2020-07-01,"167.39 ","2020.Q3"
"Idaho",2020-08-01,"237.02 ","2020.Q3"
"Idaho",2020-09-01,"362.23 ","2020.Q3"
"Idaho",2020-10-01,"169.10 ","2020.Q4"
"Idaho",2020-11-01,"172.23 ","2020.Q4"
"Idaho",2020-12-01,"171.94 ","2020.Q4"
"Idaho",2021-01-01,"172.45 ","2021.Q1"
"Idaho",2021-02-01,"199.97 ","2021.Q1"
"Idaho",2021-03-01,"222.43 ","2021.Q1"
"Idaho",2021-04-01,"198.89 ","2021.Q2"
"Idaho",2021-05-01,"135.47 ","2021.Q2"
"Idaho",2021-06-01,"136.53 ","2021.Q2"
"Idaho",2021-07-01,"136.68 ","2021.Q3"
"Nevada",2019-10-01,"115.40 ","2019.Q4"
"Nevada",2019-11-01,"114.48 ","2019.Q4"
"Nevada",2019-12-01,"115.26 ","2019.Q4"
"Nevada",2020-01-01,"112.78 ","2020.Q1"
"Nevada",2020-02-01,"114.38 ","2020.Q1"
"Nevada",2020-03-01,"183.23 ","2020.Q1"
"Nevada",2020-04-01,"159.75 ","2020.Q2"
"Nevada",2020-05-01,"170.97 ","2020.Q2"
"Nevada",2020-06-01,"170.07 ","2020.Q2"
"Nevada",2020-07-01,"213.99 ","2020.Q3"
"Nevada",2020-08-01,"288.11 ","2020.Q3"
"Nevada",2020-09-01,"267.96 ","2020.Q3"
"Nevada",2020-10-01,"174.44 ","2020.Q4"
"Nevada",2020-11-01,"188.89 ","2020.Q4"
"Nevada",2020-12-01,"176.19 ","2020.Q4"
"Nevada",2021-01-01,"176.14 ","2021.Q1"
"Nevada",2021-02-01,"251.32 ","2021.Q1"
"Nevada",2021-03-01,"203.08 ","2021.Q1"
"Nevada",2021-04-01,"224.67 ","2021.Q2"
"Nevada",2021-05-01,"222.28 ","2021.Q2"
"Nevada",2021-06-01,"221.35 ","2021.Q2"
"Nevada",2021-07-01,"220.20 ","2021.Q3"
"Oregon",2019-10-01,"116.92 ","2019.Q4"
"Oregon",2019-11-01,"124.42 ","2019.Q4"
"Oregon",2019-12-01,"124.45 ","2019.Q4"
"Oregon",2020-01-01,"123.71 ","2020.Q1"
"Oregon",2020-02-01,"124.84 ","2020.Q1"
"Oregon",2020-03-01,"121.53 ","2020.Q1"
"Oregon",2020-04-01,"178.29 ","2020.Q2"
"Oregon",2020-05-01,"179.60 ","2020.Q2"
"Oregon",2020-06-01,"179.04 ","2020.Q2"
"Oregon",2020-07-01,"179.00 ","2020.Q3"
"Oregon",2020-08-01,"178.36 ","2020.Q3"
"Oregon",2020-09-01,"184.86 ","2020.Q3"
"Oregon",2020-10-01,"188.71 ","2020.Q4"
"Oregon",2020-11-01,"188.11 ","2020.Q4"
"Oregon",2020-12-01,"188.56 ","2020.Q4"
"Oregon",2021-01-01,"215.86 ","2021.Q1"
"Oregon",2021-02-01,"205.48 ","2021.Q1"
"Oregon",2021-03-01,"208.19 ","2021.Q1"
"Oregon",2021-04-01,"217.90 ","2021.Q2"
"Oregon",2021-05-01,"262.80 ","2021.Q2"
"Oregon",2021-06-01,"237.65 ","2021.Q2"
"Oregon",2021-07-01,"235.65 ","2021.Q3"
"Washington",2019-10-01,"122.29 ","2019.Q4"
"Washington",2019-11-01,"122.17 ","2019.Q4"
"Washington",2019-12-01,"122.97 ","2019.Q4"
"Washington",2020-01-01,"121.70 ","2020.Q1"
"Washington",2020-02-01,"121.77 ","2020.Q1"
"Washington",2020-03-01,"122.99 ","2020.Q1"
"Washington",2020-04-01,"209.82 ","2020.Q2"
"Washington",2020-05-01,"170.92 ","2020.Q2"
"Washington",2020-06-01,"172.83 ","2020.Q2"
"Washington",2020-07-01,"173.64 ","2020.Q3"
"Washington",2020-08-01,"171.64 ","2020.Q3"
"Washington",2020-09-01,"173.20 ","2020.Q3"
"Washington",2020-10-01,"182.08 ","2020.Q4"
"Washington",2020-11-01,"181.63 ","2020.Q4"
"Washington",2020-12-01,"181.90 ","2020.Q4"
"Washington",2021-01-01,"182.12 ","2021.Q1"
"Washington",2021-02-01,"224.02 ","2021.Q1"
"Washington",2021-03-01,"205.85 ","2021.Q1"
"Washington",2021-04-01,"222.52 ","2021.Q2"
"Washington",2021-05-01,"234.19 ","2021.Q2"
"Washington",2021-06-01,"235.90 ","2021.Q2"
"Washington",2021-07-01,"235.15 ","2021.Q3"
"USA",2019-10-01,"122.26 ","2019.Q4"
"USA",2019-11-01,"121.44 ","2019.Q4"
"USA",2019-12-01,"121.21 ","2019.Q4"
"USA",2020-01-01,"120.16 ","2020.Q1"
"USA",2020-02-01,"121.13 ","2020.Q1"
"USA",2020-03-01,"141.72 ","2020.Q1"
"USA",2020-04-01,"186.33 ","2020.Q2"
"USA",2020-05-01,"178.92 ","2020.Q2"
"USA",2020-06-01,"178.18 ","2020.Q2"
"USA",2020-07-01,"179.00 ","2020.Q3"
"USA",2020-08-01,"181.30 ","2020.Q3"
"USA",2020-09-01,"183.67 ","2020.Q3"
"USA",2020-10-01,"187.37 ","2020.Q4"
"USA",2020-11-01,"187.93 ","2020.Q4"
"USA",2020-12-01,"188.75 ","2020.Q4"
"USA",2021-01-01,"207.11 ","2021.Q1"
"USA",2021-02-01,"216.87 ","2021.Q1"
"USA",2021-03-01,"219.17 ","2021.Q1"
"USA",2021-04-01,"223.98 ","2021.Q2"
"USA",2021-05-01,"243.96 ","2021.Q2"
"USA",2021-06-01,"230.26 ","2021.Q2"
"USA",2021-07-01,"232.62 ","2021.Q3"
